{
  "budget_used_au": 49.99234924999993,
  "delta_net_eur": 1354803.4239653908,
  "delta_grr_pp": 0.1483488891239837
}