option,delta_net_eur,delta_grr_pp,delta_nrr_pp,effort_au
Retention-first,20882.33999999985,0.42689505445981935,0.42689505445981935,2.3099999999999996
Balanced Growth,345634.94400000013,0.0,0.0,14.58240000000001
Protect Whales,10955.879999998957,0.04156608772446502,0.04156608772446502,0.6300000000000003
